surname,firstname,username,password
Carroll,Esther,CARROLEL1,P@ssw0rd
Simon,Carmen,SIMONCK1,P@ssw0rd
Miranda,Lucille,MIRANDL2,P@ssw0rd
Lewis,Susan,LEWISS4,P@ssw0rd
Kirk,Gladys,KIRKGJ2,P@ssw0rd
Adkins,Sara,ADKINSSL1,P@ssw0rd
Cox,Rosa,COXR5,P@ssw0rd
Gutierrez,Tammy,GUTIERT5,P@ssw0rd
Rojas,Esther,ROJASEA1,P@ssw0rd
Cleveland,Anita,CLEVELAJ5,P@ssw0rd
Zimmerman,Lucille,ZIMMERLV3,P@ssw0rd
Ellis,Lucille,ELLISLJ5,P@ssw0rd
Wooten,Sarah,WOOTENSS3,P@ssw0rd
Best,Janet,BESTJJ4,P@ssw0rd
Case,Christina,CASECA3,P@ssw0rd
Guerrero,Ruby,GUERRERJ1,P@ssw0rd
Weaver,Lori,WEAVERLS3,P@ssw0rd
Hogan,Bertha,HOGANBJ5,P@ssw0rd
Cross,Marion,CROSSME2,P@ssw0rd
Doyle,Julia,DOYLEJB1,P@ssw0rd
Mullins,Ellen,MULLINE1,P@ssw0rd
Lawson,Alice,LAWSONAS2,P@ssw0rd
Peterson,Stephanie,PETERSSD5,P@ssw0rd
O'Brian,Sean,OBRIANS1,P@ssw0rd
Buchanan,Eva,BUCHANE4,P@ssw0rd
Beck,Emma,BECKEA4,P@ssw0rd
Lawrence,Erin,LAWRENES3,P@ssw0rd
English,Julie,ENGLISJL2,P@ssw0rd
Boyer,Sherry,BOYERSH5,P@ssw0rd
Wall,Carrie,WALLCM4,P@ssw0rd
Wynn,Lynn,WYNNL1,P@ssw0rd
Delacruz,Lauren,DELACRLD5,P@ssw0rd
Watson,Norma,WATSONNJ3,P@ssw0rd
Wooten,Mildred,WOOTENME4,P@ssw0rd
Parks,Diana,PARKSDB3,P@ssw0rd
Lynn,Cindy,LYNNCK5,P@ssw0rd
Shelton,Kimberly,SHELTOK3,P@ssw0rd
Fitzpatrick,Peggy,FITZPAPS5,P@ssw0rd
Lambert,Jill,LAMBERJD1,P@ssw0rd
Stark,Cindy,STARKCJ3,P@ssw0rd
Goff,Lauren,GOFFLC4,P@ssw0rd
Snider,Joyce,SNIDERJT1,P@ssw0rd
Guy,Lillian,GUYL2,P@ssw0rd
Henderson,Michele,HENDERMS5,P@ssw0rd
Molina,Anita,MOLINAAS4,P@ssw0rd
Zamora,Anita,ZAMORAA2,P@ssw0rd
Gibson,Alicia,GIBSONAR4,P@ssw0rd
Francis,Joyce,FRANCIJK5,P@ssw0rd
Vang,Samantha,VANGS2,P@ssw0rd
Lott,Joyce,LOTTJT4,P@ssw0rd
Stark,Clara,STARKCJ5,P@ssw0rd
Cameron,Yvonne,CAMEROYF1,P@ssw0rd
Howe,Amber,HOWEAS5,P@ssw0rd
Moore,Sarah,MOORESK5,P@ssw0rd
Sandoval,Emily,SANDOVED5,P@ssw0rd
Rose,Charlotte,ROSECD5,P@ssw0rd
Baird,Charlotte,BAIRDCV4,P@ssw0rd
Daniels,Lisa,DANIELLJ4,P@ssw0rd
Sellers,Evelyn,SELLEREL1,P@ssw0rd
Bowers,Monica,BOWERSMK4,P@ssw0rd
Chapman,Lillian,CHAPMALC4,P@ssw0rd
Walter,Diane,WALTERDF4,P@ssw0rd
Hunter,Eleanor,HUNTERET3,P@ssw0rd
Curtis,Suzanne,CURTISSC3,P@ssw0rd
Mathis,Beverly,MATHISBK5,P@ssw0rd
Briggs,Christine,BRIGGSCA3,P@ssw0rd
Harrison,Sally,HARRISSE2,P@ssw0rd
Ward,Sharon,WARDSA3,P@ssw0rd
Vance,Ruth,VANCERA5,P@ssw0rd
Mclaughlin,Irene,MCLAUGIA4,P@ssw0rd
Mack,Judy,MACKJL4,P@ssw0rd
Payne,Cynthia,PAYNECD3,P@ssw0rd
Wooten,Thelma,WOOTENTE4,P@ssw0rd
Burke,Florence,BURKEFB4,P@ssw0rd
Rhodes,Josephine,RHODESJ1,P@ssw0rd
Wynn,Diane,WYNNDK1,P@ssw0rd
Griffin,Ruby,GRIFFIRR2,P@ssw0rd
Hendricks,Anita,HENDRIAT4,P@ssw0rd
Blanchard,Ellen,BLANCHEW1,P@ssw0rd
Perkins,Lynn,PERKINLM3,P@ssw0rd
Moreno,Debra,MORENODB1,P@ssw0rd
Lee,Katherine,LEEKY5,P@ssw0rd
Gay,Crystal,GAYCE1,P@ssw0rd
Jackson,Julie,JACKSOJE3,P@ssw0rd
Shannon,Mildred,SHANNOM5,P@ssw0rd
Levine,Edith,LEVINEEJ5,P@ssw0rd
Mueller,Elaine,MUELLEEL3,P@ssw0rd
Pena,Gloria,PENAGL3,P@ssw0rd
Stevenson,Suzanne,STEVENS4,P@ssw0rd
Hardy,Rosa,HARDYRA1,P@ssw0rd
Hahn,Erin,HAHNEN2,P@ssw0rd
Sutton,Louise,SUTTONLL1,P@ssw0rd
Nguyen,Melissa,NGUYENME2,P@ssw0rd
Banks,Christina,BANKSCC1,P@ssw0rd
Fitzgerald,Carol,FITZGECA2,P@ssw0rd
Sullivan,Doris,SULLIVD4,P@ssw0rd
Velazquez,Marie,VELAZQMM2,P@ssw0rd
Aguirre,Eva,AGUIRRES5,P@ssw0rd
Collins,Edith,COLLINEJ2,P@ssw0rd
Sampson,Elaine,SAMPSOED1,P@ssw0rd
Foley,Norma,FOLEYNW3,P@ssw0rd
Bowen,Grace,BOWENGC5,P@ssw0rd
Hull,Edna,HULLEC1,P@ssw0rd
Nelson,Margaret,NELSONMY2,P@ssw0rd
Hogan,Ellen,HOGANE2,P@ssw0rd
Valdez,Judy,VALDEZJ5,P@ssw0rd
Horne,Cynthia,HORNECA5,P@ssw0rd
Morales,Michelle,MORALEMC5,P@ssw0rd
Peck,Christine,PECKCB4,P@ssw0rd
Jackson,Pamela,JACKSOPJ3,P@ssw0rd
Griffin,Audrey,GRIFFIAA2,P@ssw0rd
Jacobson,Julia,JACOBSJA2,P@ssw0rd
Graves,Amber,GRAVESAS5,P@ssw0rd
Cleveland,Cynthia,CLEVELCJ2,P@ssw0rd
Donaldson,Lauren,DONALDLS1,P@ssw0rd
Knowles,Edith,KNOWLEEE4,P@ssw0rd
Carpenter,Maria,CARPENMA4,P@ssw0rd
Allen,Annette,ALLENAG2,P@ssw0rd
Cochran,Wanda,COCHRAWA3,P@ssw0rd
Velez,Wanda,VELEZWC2,P@ssw0rd
Compton,Sherry,COMPTOS1,P@ssw0rd
Gamble,Norma,GAMBLENS5,P@ssw0rd
Bishop,Kim,BISHOPKM4,P@ssw0rd
Rodriquez,Ashley,RODRIQAK5,P@ssw0rd
Pacheco,Pamela,PACHECPJ4,P@ssw0rd
Ashley,Lillian,ASHLEYL3,P@ssw0rd
Hodges,Janice,HODGESJT2,P@ssw0rd
Gould,Jennifer,GOULDJH1,P@ssw0rd
Ellison,Carmen,ELLISOC2,P@ssw0rd
Britt,Karen,BRITTKD3,P@ssw0rd
Floyd,Juanita,FLOYDJE2,P@ssw0rd
Contreras,Rachel,CONTRERV3,P@ssw0rd
Jefferson,Peggy,JEFFERPB5,P@ssw0rd
Page,Lynn,PAGELS1,P@ssw0rd
Jacobs,Eleanor,JACOBSED3,P@ssw0rd
Hayden,Bertha,HAYDENB3,P@ssw0rd
Ortiz,Alicia,ORTIZAE1,P@ssw0rd
Hahn,Christine,HAHNCE2,P@ssw0rd
Lucas,Maria,LUCASMJ4,P@ssw0rd
Curtis,Joanne,CURTISJD1,P@ssw0rd
Dunn,Alice,DUNNAJ1,P@ssw0rd
Atkinson,Annette,ATKINSAH1,P@ssw0rd
Haley,Thelma,HALEYTL2,P@ssw0rd
Zimmerman,Dana,ZIMMERDM5,P@ssw0rd
Huffman,Samantha,HUFFMASD4,P@ssw0rd
Townsend,Lorraine,TOWNSELL3,P@ssw0rd
Shelton,Debra,SHELTODA3,P@ssw0rd
Cantu,Deborah,CANTUDJ1,P@ssw0rd
Richard,Annette,RICHARAE5,P@ssw0rd
Burke,Sharon,BURKESL4,P@ssw0rd
Horton,Joyce,HORTONJD5,P@ssw0rd
Terrell,Norma,TERRELNK5,P@ssw0rd
Harding,Melissa,HARDINMV4,P@ssw0rd
Stuart,Lynn,STUARTL4,P@ssw0rd
Carr,Susan,CARRS3,P@ssw0rd
Phillips,Ellen,PHILLIEC2,P@ssw0rd
Warner,Wanda,WARNERWL1,P@ssw0rd
Keith,Tina,KEITHTT1,P@ssw0rd
Simon,Geraldine,SIMONGD5,P@ssw0rd
Marsh,Kathleen,MARSHKT3,P@ssw0rd
Slater,Connie,SLATERCA2,P@ssw0rd
Conrad,Christine,CONRADCR5,P@ssw0rd
Stevenson,Bonnie,STEVENBD5,P@ssw0rd
Knapp,Sandra,KNAPPSC3,P@ssw0rd
Blake,Robin,BLAKERE5,P@ssw0rd
Nicholson,Geraldine,NICHOLG1,P@ssw0rd
Ayala,Crystal,AYALACC1,P@ssw0rd
Walsh,Norma,WALSHNJ5,P@ssw0rd
Frost,April,FROSTAS1,P@ssw0rd
Willis,Beatrice,WILLISBK5,P@ssw0rd
Sharpe,Kathleen,SHARPEKD1,P@ssw0rd
Pope,Robin,POPERD1,P@ssw0rd
Jenkins,Janice,JENKINJK4,P@ssw0rd
Yang,Deborah,YANGDD5,P@ssw0rd
Dejesus,Pauline,DEJESUPJ5,P@ssw0rd
Sharpe,Suzanne,SHARPESW1,P@ssw0rd
Hampton,Veronica,HAMPTOVD2,P@ssw0rd
Oneill,Christina,ONEILLCB2,P@ssw0rd
Rush,Sandra,RUSHSE4,P@ssw0rd
Morse,Marion,MORSEML3,P@ssw0rd
Mack,Lois,MACKLE2,P@ssw0rd
Vincent,Carolyn,VINCENCA5,P@ssw0rd
Dennis,Joan,DENNISJ2,P@ssw0rd
Rowe,Wendy,ROWEWA4,P@ssw0rd
Flores,Robin,FLORESRT3,P@ssw0rd
Giles,Virginia,GILESVS4,P@ssw0rd
Reeves,Nancy,REEVESNE5,P@ssw0rd
Gregory,Charlotte,GREGORC2,P@ssw0rd
Woodard,Amy,WOODARAB5,P@ssw0rd
Gay,Donna,GAYDT1,P@ssw0rd
Cannon,Ellen,CANNONEJ5,P@ssw0rd
Kelley,Marion,KELLEYMB5,P@ssw0rd
Burnett,Gloria,BURNETG5,P@ssw0rd
Strickland,Bertha,STRICKBJ4,P@ssw0rd
Smith,Elaine,SMITHED1,P@ssw0rd
Vinson,Bertha,VINSONBG1,P@ssw0rd
Vasquez,Erin,VASQUEEE2,P@ssw0rd
Robertson,Jill,ROBERTJB3,P@ssw0rd
Vincent,Jacqueline,VINCENJ4,P@ssw0rd
Holmes,Jean,HOLMESJS3,P@ssw0rd
Short,Dorothy,SHORTDE1,P@ssw0rd
Bowen,Susan,BOWENSP5,P@ssw0rd
Moran,Julie,MORANJM2,P@ssw0rd
Franks,Nicole,FRANKSND1,P@ssw0rd
Herman,Doris,HERMANDA2,P@ssw0rd
Lester,Melissa,LESTERML1,P@ssw0rd
Trujillo,Clara,TRUJILCA3,P@ssw0rd
Harmon,Ruby,HARMONR1,P@ssw0rd
Randolph,Janet,RANDOLJD4,P@ssw0rd
Mckinney,Hazel,MCKINNHB3,P@ssw0rd
Levy,Bonnie,LEVYBS1,P@ssw0rd
Collier,Julie,COLLIEJR2,P@ssw0rd
Rosales,Marie,ROSALEMC1,P@ssw0rd
Rodriguez,Darlene,RODRIGDS1,P@ssw0rd
Knapp,Connie,KNAPPCE5,P@ssw0rd
Hale,Dorothy,HALEDT5,P@ssw0rd
Wilkerson,Samantha,WILKERSR2,P@ssw0rd
Stanley,Beverly,STANLEBC3,P@ssw0rd
Lyons,Rebecca,LYONSRE1,P@ssw0rd
Jefferson,Erica,JEFFEREM2,P@ssw0rd
Rasmussen,Annie,RASMUSAC4,P@ssw0rd
Shepherd,Tammy,SHEPHETP3,P@ssw0rd
Cleveland,Sylvia,CLEVELSR4,P@ssw0rd
Blackwell,Phyllis,BLACKWPA4,P@ssw0rd
Robbins,Pamela,ROBBINPR2,P@ssw0rd
Larsen,Erin,LARSENEM4,P@ssw0rd
Mcfadden,Lillian,MCFADDL3,P@ssw0rd
Berger,Leslie,BERGERLS3,P@ssw0rd
Davidson,Heather,DAVIDSHS2,P@ssw0rd
Romero,Joyce,ROMEROJA2,P@ssw0rd
Mcfarland,Donna,MCFARLDT4,P@ssw0rd
Randolph,Carol,RANDOLCA5,P@ssw0rd
Vega,Hazel,VEGAHD2,P@ssw0rd
Romero,Eleanor,ROMEROEA4,P@ssw0rd
Tillman,Carrie,TILLMACS3,P@ssw0rd
Wilkinson,Dorothy,WILKINDL1,P@ssw0rd
Blackburn,Emma,BLACKBEE1,P@ssw0rd
Espinoza,Charlotte,ESPINOCB1,P@ssw0rd
York,Eleanor,YORKED5,P@ssw0rd
Slater,Christine,SLATERCT5,P@ssw0rd
Hull,Anna,HULLAK1,P@ssw0rd
Velez,Nancy,VELEZNK4,P@ssw0rd
Villarreal,Yvonne,VILLARYJ5,P@ssw0rd
Morton,Danielle,MORTONDS5,P@ssw0rd
Hunt,Danielle,HUNTDJ2,P@ssw0rd
Slater,Julie,SLATERJA3,P@ssw0rd
Garrett,Jean,GARRETJJ5,P@ssw0rd
Williams,Stephanie,WILLIASE4,P@ssw0rd
Daniel,Jean,DANIELJJ4,P@ssw0rd
Battle,Julie,BATTLEJV2,P@ssw0rd
David,Lauren,DAVIDLJ4,P@ssw0rd
Church,Maria,CHURCHMS1,P@ssw0rd
Mullen,April,MULLENAA1,P@ssw0rd
Goodman,Tiffany,GOODMAT2,P@ssw0rd
Pruitt,Beverly,PRUITTBR3,P@ssw0rd
Maxwell,Lois,MAXWELLC2,P@ssw0rd
Delaney,Shirley,DELANESS2,P@ssw0rd
Griffin,Alicia,GRIFFIAL4,P@ssw0rd
Caldwell,Jill,CALDWEJL4,P@ssw0rd
Ball,Michele,BALLMP5,P@ssw0rd
Gomez,Elizabeth,GOMEZEE5,P@ssw0rd
Castaneda,Kimberly,CASTANKJ4,P@ssw0rd
Slater,Michelle,SLATERMB4,P@ssw0rd
Guerra,Marion,GUERRAMJ3,P@ssw0rd
Cantrell,Wanda,CANTREWL5,P@ssw0rd
Harding,Marilyn,HARDINMI3,P@ssw0rd
Slater,Beverly,SLATERBK5,P@ssw0rd
Kirk,Dawn,KIRKDD4,P@ssw0rd
Sheppard,Sara,SHEPPASC5,P@ssw0rd
Barrera,Jean,BARRERJA2,P@ssw0rd
Bonner,Tammy,BONNERTS2,P@ssw0rd
Norman,Ethel,NORMANE4,P@ssw0rd
Hinton,Emily,HINTONEM1,P@ssw0rd
Gamble,Donna,GAMBLEDE2,P@ssw0rd
Page,Rebecca,PAGERJ2,P@ssw0rd
Bridges,Amy,BRIDGEAM5,P@ssw0rd
Boyle,Heather,BOYLEHD4,P@ssw0rd
Paul,Robin,PAULRN4,P@ssw0rd
Holland,Jamie,HOLLANJ4,P@ssw0rd
Edwards,Rhonda,EDWARDRW5,P@ssw0rd
Beach,Maria,BEACHMG5,P@ssw0rd
Boyer,Rosa,BOYERRR2,P@ssw0rd
Lyons,Audrey,LYONSAC2,P@ssw0rd
Patrick,Beverly,PATRICB5,P@ssw0rd
Gordon,Annie,GORDONAE4,P@ssw0rd
Lambert,Louise,LAMBERLM3,P@ssw0rd
Stuart,Lori,STUARTLM3,P@ssw0rd
Foley,Deborah,FOLEYDL1,P@ssw0rd
Mccoy,Tracy,MCCOYTS1,P@ssw0rd
Orr,Karen,ORRKD1,P@ssw0rd
Livingston,Florence,LIVINGF1,P@ssw0rd
Curtis,Sharon,CURTISSJ2,P@ssw0rd
Hampton,Erin,HAMPTOE2,P@ssw0rd
Conley,Marion,CONLEYML5,P@ssw0rd
Moon,Cheryl,MOONCB1,P@ssw0rd
Sharpe,Darlene,SHARPEDT4,P@ssw0rd
Harper,Kimberly,HARPERKB3,P@ssw0rd
Cabrera,Heather,CABRERHE3,P@ssw0rd
Rice,Cheryl,RICECD1,P@ssw0rd
Kent,Ethel,KENTEA5,P@ssw0rd
Allen,Wanda,ALLENWV4,P@ssw0rd
Jarvis,Doris,JARVISDM4,P@ssw0rd
Dixon,Michelle,DIXONMD2,P@ssw0rd
Mendez,Sara,MENDEZS2,P@ssw0rd
Norton,Alicia,NORTONAS1,P@ssw0rd
Hammond,Lucille,HAMMONLC1,P@ssw0rd
Mcleod,Tiffany,MCLEODTD5,P@ssw0rd
Berg,Lillian,BERGLE1,P@ssw0rd
Dotson,Kathryn,DOTSONKJ4,P@ssw0rd
Gonzales,Jessica,GONZALJA2,P@ssw0rd
Moreno,Kim,MORENOKK5,P@ssw0rd
Douglas,Jamie,DOUGLAJF1,P@ssw0rd
Moon,Laura,MOONLT3,P@ssw0rd
Nieves,Beverly,NIEVESBR2,P@ssw0rd
Vincent,Monica,VINCENML4,P@ssw0rd
Shannon,Debra,SHANNODJ3,P@ssw0rd
Graves,Marilyn,GRAVESMR3,P@ssw0rd
Flowers,Sharon,FLOWERS2,P@ssw0rd
Ford,Esther,FORDET3,P@ssw0rd
Ashley,Anita,ASHLEYAR2,P@ssw0rd
Ortiz,Tammy,ORTIZTL3,P@ssw0rd
Davenport,Jacqueline,DAVENPJT5,P@ssw0rd
Garcia,Eleanor,GARCIAEC4,P@ssw0rd
Bailey,Martha,BAILEYMD3,P@ssw0rd
Cherry,Cheryl,CHERRYCN3,P@ssw0rd
Floyd,Thelma,FLOYDTB2,P@ssw0rd
Snider,Annie,SNIDERAA2,P@ssw0rd
Beck,Sandra,BECKS2,P@ssw0rd
Stark,Kathleen,STARKKK5,P@ssw0rd
Lindsay,Tina,LINDSATL5,P@ssw0rd
Wolf,Tiffany,WOLFTN3,P@ssw0rd
Gonzales,Erica,GONZALEK4,P@ssw0rd
Wilson,Janet,WILSONJJ1,P@ssw0rd
Cruz,Beatrice,CRUZBA4,P@ssw0rd
Lester,Rebecca,LESTERR3,P@ssw0rd
Morgan,Lori,MORGANLE3,P@ssw0rd
Fernandez,Anna,FERNANAV1,P@ssw0rd
Mcknight,Geraldine,MCKNIGGT5,P@ssw0rd
Alexander,Jane,ALEXANJE5,P@ssw0rd
Odonnell,Christine,ODONNECD5,P@ssw0rd
Burt,Maria,BURTMS4,P@ssw0rd
Hernandez,Florence,HERNANFK3,P@ssw0rd
Butler,Jessica,BUTLERJC1,P@ssw0rd
Richard,Nicole,RICHARNM1,P@ssw0rd
Gallagher,Joanne,GALLAGJC4,P@ssw0rd
Thompson,Valerie,THOMPSVB1,P@ssw0rd
Fry,Rosa,FRYRG1,P@ssw0rd
Haynes,Michelle,HAYNESMJ4,P@ssw0rd
Michael,Emily,MICHAEEM4,P@ssw0rd
Brooks,Lynn,BROOKSLR5,P@ssw0rd
Benton,Robin,BENTONRK5,P@ssw0rd
Patterson,Virginia,PATTERVE3,P@ssw0rd
Howard,Tammy,HOWARDTK4,P@ssw0rd
Fisher,Linda,FISHERLM4,P@ssw0rd
Montoya,Cheryl,MONTOYC2,P@ssw0rd
Curtis,Mildred,CURTISMA5,P@ssw0rd
Bailey,Anne,BAILEYAG1,P@ssw0rd
Horn,Susan,HORNSK5,P@ssw0rd
Rios,Ruby,RIOSRP3,P@ssw0rd
Townsend,Florence,TOWNSEFH3,P@ssw0rd
Collins,Monica,COLLINMA3,P@ssw0rd
Atkinson,Dorothy,ATKINSDK2,P@ssw0rd
Santos,Carmen,SANTOSCK4,P@ssw0rd
Maldonado,Jennifer,MALDONJL1,P@ssw0rd
Williams,Christina,WILLIACL3,P@ssw0rd
Holt,Ann,HOLTAB1,P@ssw0rd
Moran,Christina,MORANCS5,P@ssw0rd
Casey,Rhonda,CASEYRH4,P@ssw0rd
Davidson,Sherry,DAVIDSSS5,P@ssw0rd
Porter,Tammy,PORTERT5,P@ssw0rd
Mcintyre,Shannon,MCINTYSB3,P@ssw0rd
Wilkinson,Regina,WILKINR3,P@ssw0rd
Foreman,Catherine,FOREMACC1,P@ssw0rd
Blake,Carolyn,BLAKEC5,P@ssw0rd
Obrien,Pamela,OBRIENPM3,P@ssw0rd
Hatfield,Florence,HATFIEF5,P@ssw0rd
Marks,Virginia,MARKSVA3,P@ssw0rd
Solomon,Irene,SOLOMOIA3,P@ssw0rd
Alexander,Andrea,ALEXANAA1,P@ssw0rd
Harrell,Rosa,HARRELRB5,P@ssw0rd
Mccall,April,MCCALLAL4,P@ssw0rd
Palmer,Cindy,PALMERCM3,P@ssw0rd
Barrera,Edna,BARRERED5,P@ssw0rd
Donaldson,Elaine,DONALDEF5,P@ssw0rd
Ayers,Wanda,AYERSWT4,P@ssw0rd
Drake,Crystal,DRAKECE5,P@ssw0rd
Perkins,Marjorie,PERKINMM3,P@ssw0rd
Ball,Kim,BALLKC4,P@ssw0rd
Christensen,Melissa,CHRISTMC2,P@ssw0rd
Wilkinson,Christine,WILKINCJ1,P@ssw0rd
Mcintosh,Irene,MCINTOIG4,P@ssw0rd
Joyner,Tiffany,JOYNERTM5,P@ssw0rd
Yang,Regina,YANGRS3,P@ssw0rd
Lopez,Kelly,LOPEZKG1,P@ssw0rd
Mcdaniel,Danielle,MCDANIDJ5,P@ssw0rd
Molina,Annie,MOLINAAC4,P@ssw0rd
Morales,Dawn,MORALEDF1,P@ssw0rd
Higgins,Lorraine,HIGGINLL2,P@ssw0rd
Good,Alice,GOODA1,P@ssw0rd
Wright,Carolyn,WRIGHTCD4,P@ssw0rd
Parrish,Eleanor,PARRISEE5,P@ssw0rd
Ray,Joan,RAYJT5,P@ssw0rd
Henry,April,HENRYAM3,P@ssw0rd
Cox,Julia,COXJG3,P@ssw0rd
Merrill,Cindy,MERRILCV4,P@ssw0rd
Mejia,Anna,MEJIAAS5,P@ssw0rd
Fox,Barbara,FOXBA4,P@ssw0rd
Woods,Angela,WOODSAB2,P@ssw0rd
Dodson,Robin,DODSONRJ4,P@ssw0rd
Gallegos,Kimberly,GALLEGKR1,P@ssw0rd
Baker,Cynthia,BAKERCV5,P@ssw0rd
Byrd,Elizabeth,BYRDEJ5,P@ssw0rd
Guerrero,Bonnie,GUERREBL2,P@ssw0rd
Lee,Carmen,LEECM3,P@ssw0rd
Maddox,Cindy,MADDOXCJ2,P@ssw0rd
Burt,Cynthia,BURTCM1,P@ssw0rd
Moreno,Robin,MORENORL1,P@ssw0rd
Rush,Florence,RUSHFM2,P@ssw0rd
Wise,Evelyn,WISEEJ3,P@ssw0rd
Mcintosh,Janet,MCINTOJG2,P@ssw0rd
Matthews,Bernice,MATTHEBM2,P@ssw0rd
Vargas,Esther,VARGASEF3,P@ssw0rd
Cortez,Sherry,CORTEZSS2,P@ssw0rd
Saunders,Wendy,SAUNDEWS3,P@ssw0rd
Gaines,Yvonne,GAINESYS1,P@ssw0rd
Key,Suzanne,KEYSS2,P@ssw0rd
Watson,Alicia,WATSONA2,P@ssw0rd
Cleveland,June,CLEVELJE1,P@ssw0rd
Roach,Bonnie,ROACHBL5,P@ssw0rd
Mendoza,Megan,MENDOZME4,P@ssw0rd
Morgan,Cindy,MORGANCS5,P@ssw0rd
Colon,Ethel,COLONER3,P@ssw0rd
Barnett,Crystal,BARNETCS4,P@ssw0rd
Carney,Pamela,CARNEYPK1,P@ssw0rd
Morin,Julie,MORINJB4,P@ssw0rd
Goodwin,Esther,GOODWIEP5,P@ssw0rd
Stanley,Anita,STANLEAG5,P@ssw0rd
Griffith,Veronica,GRIFFIVD3,P@ssw0rd
Lara,Thelma,LARATN5,P@ssw0rd
Owens,Janice,OWENSJM3,P@ssw0rd
Huber,Kim,HUBERKJ5,P@ssw0rd
Livingston,Judith,LIVINGJA2,P@ssw0rd
Fleming,Emily,FLEMINEL4,P@ssw0rd
Kim,Judith,KIMJJ3,P@ssw0rd
Carrillo,Christina,CARRILC4,P@ssw0rd
Mcclure,Theresa,MCCLURTR3,P@ssw0rd
Stark,Lori,STARKLR3,P@ssw0rd
Reeves,Dorothy,REEVESDD3,P@ssw0rd
Stephenson,Kathy,STEPHEKS4,P@ssw0rd
England,Anna,ENGLANAR4,P@ssw0rd
Cummings,Edna,CUMMINEP5,P@ssw0rd
Hood,Theresa,HOODTS5,P@ssw0rd
Mercer,Mildred,MERCERMC4,P@ssw0rd
Clarke,Samantha,CLARKESS4,P@ssw0rd
Velasquez,Victoria,VELASQVK1,P@ssw0rd
Waller,Anne,WALLERAG3,P@ssw0rd
Battle,Helen,BATTLEHE1,P@ssw0rd
Adkins,Catherine,ADKINSCA3,P@ssw0rd
Waller,Lorraine,WALLERLA1,P@ssw0rd
Figueroa,Pamela,FIGUERPB2,P@ssw0rd
Cline,Kimberly,CLINEKP5,P@ssw0rd
Cline,Jacqueline,CLINEJL3,P@ssw0rd
Jensen,Catherine,JENSENCJ5,P@ssw0rd
Mcmillan,Carolyn,MCMILLCA3,P@ssw0rd
Rivera,Megan,RIVERAM4,P@ssw0rd
Foster,Geraldine,FOSTERGC4,P@ssw0rd
Mullen,Barbara,MULLENBA3,P@ssw0rd
Hull,Irene,HULLIA1,P@ssw0rd
Turner,Sarah,TURNERSD4,P@ssw0rd
Herman,Tiffany,HERMANTG3,P@ssw0rd
Evans,Pauline,EVANSPN3,P@ssw0rd
Wood,Audrey,WOODAM5,P@ssw0rd
Paul,June,PAULJR1,P@ssw0rd
Goff,Tina,GOFFTB5,P@ssw0rd
Huffman,Sheila,HUFFMASE2,P@ssw0rd
Reeves,Sheila,REEVESSR2,P@ssw0rd
Valenzuela,Anne,VALENZAD1,P@ssw0rd
Davidson,Melissa,DAVIDSMD1,P@ssw0rd
Ellis,Beverly,ELLISBB3,P@ssw0rd
Monroe,Donna,MONROEDS4,P@ssw0rd
Riddle,Cindy,RIDDLECA5,P@ssw0rd
Leonard,Edna,LEONARE5,P@ssw0rd
Evans,Brenda,EVANSBC5,P@ssw0rd
Sanford,Julie,SANFORJM5,P@ssw0rd
Ward,Clara,WARDCM4,P@ssw0rd
Wilkerson,Janet,WILKERJE3,P@ssw0rd
Avila,Robin,AVILARC4,P@ssw0rd
Terry,Denise,TERRYDD4,P@ssw0rd
Hawkins,Edith,HAWKINES3,P@ssw0rd
Shields,Carol,SHIELDCJ3,P@ssw0rd
Mccall,Karen,MCCALLKT2,P@ssw0rd
Goff,Virginia,GOFFVB3,P@ssw0rd
Oneil,Rita,ONEILR3,P@ssw0rd
Holland,Sarah,HOLLANSJ3,P@ssw0rd
Mathis,Michele,MATHISM3,P@ssw0rd
Johnston,Samantha,JOHNSTSC1,P@ssw0rd
Hester,Edith,HESTERE1,P@ssw0rd
Nichols,Brenda,NICHOLBA4,P@ssw0rd
Rosales,Debra,ROSALEDL1,P@ssw0rd
Lane,Paula,LANEPT2,P@ssw0rd
Baker,Sharon,BAKERSA3,P@ssw0rd
Williams,Leslie,WILLIALH5,P@ssw0rd
Conner,Marjorie,CONNERMS3,P@ssw0rd
Conley,Doris,CONLEYD4,P@ssw0rd
Patrick,Kathleen,PATRICKM5,P@ssw0rd
Middleton,Denise,MIDDLEDJ1,P@ssw0rd
Pittman,Janet,PITTMAJ2,P@ssw0rd
Sanford,Erin,SANFOREE3,P@ssw0rd
Hill,Virginia,HILLV3,P@ssw0rd
Page,Patricia,PAGEPL2,P@ssw0rd
Wright,Christine,WRIGHTCS5,P@ssw0rd
Jacobs,Paula,JACOBSPJ2,P@ssw0rd
Woodward,Heather,WOODWAH1,P@ssw0rd
Buckley,Virginia,BUCKLEVR2,P@ssw0rd
Cardenas,Angela,CARDENAW3,P@ssw0rd
Marshall,Julia,MARSHAJC1,P@ssw0rd
Reynolds,Louise,REYNOLLA3,P@ssw0rd
Briggs,Amber,BRIGGSAE4,P@ssw0rd
Parrish,Laura,PARRISLS3,P@ssw0rd
Cain,Beatrice,CAINB2,P@ssw0rd
Garcia,Joan,GARCIAJM1,P@ssw0rd
Torres,Thelma,TORRESTJ2,P@ssw0rd
Rivas,Katherine,RIVASKC1,P@ssw0rd
Mckee,Charlotte,MCKEECJ1,P@ssw0rd
Foster,Mildred,FOSTERMC3,P@ssw0rd
Valencia,Bertha,VALENCBC1,P@ssw0rd
Ochoa,Josephine,OCHOAJM3,P@ssw0rd
Fields,Judith,FIELDSJC4,P@ssw0rd
Silva,Danielle,SILVADL3,P@ssw0rd
Noel,Lois,NOELLR2,P@ssw0rd
Pennington,Erin,PENNINEF2,P@ssw0rd
Mcintosh,Mildred,MCINTOMS1,P@ssw0rd
Bright,Erin,BRIGHTER4,P@ssw0rd
Carlson,Laura,CARLSOLE1,P@ssw0rd
Lang,Elizabeth,LANGEJ1,P@ssw0rd
Mann,Sylvia,MANNSA2,P@ssw0rd
Livingston,Lillian,LIVINGLW4,P@ssw0rd
Moon,Sandra,MOONSK3,P@ssw0rd
Buckner,Betty,BUCKNEBE2,P@ssw0rd
Baxter,Dorothy,BAXTERDJ3,P@ssw0rd
Nieves,Catherine,NIEVESCL5,P@ssw0rd
Haley,Rachel,HALEYRA1,P@ssw0rd
Conrad,Carrie,CONRADCV4,P@ssw0rd
Morton,Sarah,MORTONST2,P@ssw0rd
Rodgers,Shirley,RODGERSS5,P@ssw0rd
Gay,Emily,GAYEK4,P@ssw0rd
Morrow,Elaine,MORROWEA3,P@ssw0rd
Powers,Maria,POWERSMI5,P@ssw0rd
Owens,April,OWENSAK4,P@ssw0rd
Simmons,Sally,SIMMONSM4,P@ssw0rd
Carson,Barbara,CARSONBF4,P@ssw0rd
Osborn,Bertha,OSBORNBM1,P@ssw0rd
Mullen,June,MULLENJM1,P@ssw0rd
Hamilton,Judith,HAMILTJK3,P@ssw0rd
Clayton,Tammy,CLAYTOTJ4,P@ssw0rd
Morris,Edith,MORRISEJ3,P@ssw0rd
Jacobs,Evelyn,JACOBSEK5,P@ssw0rd
Coleman,Joan,COLEMAJK1,P@ssw0rd
Montoya,Sarah,MONTOYSS5,P@ssw0rd
Bailey,Annie,BAILEYAE3,P@ssw0rd
Dale,Wanda,DALEWS4,P@ssw0rd
Jones,Dolores,JONESDC2,P@ssw0rd
Eaton,Annette,EATONAB3,P@ssw0rd
Ferguson,Samantha,FERGUSSL2,P@ssw0rd
Wilder,Sally,WILDERSA4,P@ssw0rd
Humphrey,Barbara,HUMPHRBL1,P@ssw0rd
Mcdonald,Heather,MCDONAHK2,P@ssw0rd
Lott,Erica,LOTTEW2,P@ssw0rd
Williamson,Cynthia,WILLIACJ2,P@ssw0rd
Hendrix,Joan,HENDRIJM1,P@ssw0rd
Boyer,Linda,BOYERLA2,P@ssw0rd
Diaz,Jacqueline,DIAZJ1,P@ssw0rd
Leonard,Jessica,LEONARJC2,P@ssw0rd
Whitney,Victoria,WHITNEV4,P@ssw0rd
Joyner,Juanita,JOYNERJA4,P@ssw0rd
Long,Michele,LONGM2,P@ssw0rd
Mcknight,Rose,MCKNIGRM4,P@ssw0rd
Lancaster,Lorraine,LANCASL5,P@ssw0rd
Rodriquez,Denise,RODRIQDJ4,P@ssw0rd
Combs,Theresa,COMBST1,P@ssw0rd
Ayala,Elizabeth,AYALAET2,P@ssw0rd
Hayden,Tiffany,HAYDENTR3,P@ssw0rd
Yates,Phyllis,YATESP2,P@ssw0rd
Hall,Patricia,HALLPL4,P@ssw0rd
Morgan,Robin,MORGANRA2,P@ssw0rd
Kirk,Lori,KIRKLG3,P@ssw0rd
Jacobson,Deborah,JACOBSDK4,P@ssw0rd
Berg,Kathy,BERGKI4,P@ssw0rd
Talley,Ruby,TALLEYR2,P@ssw0rd
Hale,Doris,HALEDV1,P@ssw0rd
Davidson,Cathy,DAVIDSCL4,P@ssw0rd
Newton,Christine,NEWTONCB5,P@ssw0rd
Joyner,Stephanie,JOYNERSC3,P@ssw0rd
Mueller,Beatrice,MUELLEBR4,P@ssw0rd
Cherry,Gail,CHERRYGR3,P@ssw0rd
Guzman,Martha,GUZMANMH1,P@ssw0rd
Patterson,Rebecca,PATTERRS3,P@ssw0rd
Phillips,Valerie,PHILLIVP1,P@ssw0rd
Price,Margaret,PRICEMS3,P@ssw0rd
Chase,Lois,CHASELM5,P@ssw0rd
Battle,Heather,BATTLEH2,P@ssw0rd
Henson,Florence,HENSONF4,P@ssw0rd
Zamora,Nicole,ZAMORANB3,P@ssw0rd
Hobbs,Regina,HOBBSRB1,P@ssw0rd
Nicholson,Nicole,NICHOLNK1,P@ssw0rd
Briggs,Megan,BRIGGSMA5,P@ssw0rd
Santiago,Wanda,SANTIAWA3,P@ssw0rd
Jimenez,Annette,JIMENEA3,P@ssw0rd
French,Sally,FRENCHSE5,P@ssw0rd
Mills,Edna,MILLSEK2,P@ssw0rd
Robles,Clara,ROBLESCR4,P@ssw0rd
Cannon,Teresa,CANNONTE1,P@ssw0rd
Blankenship,Ethel,BLANKEEJ1,P@ssw0rd
Case,Marion,CASEMS4,P@ssw0rd
Albert,Veronica,ALBERTVT1,P@ssw0rd
Randall,Tracy,RANDALTH1,P@ssw0rd
Daniel,Lynn,DANIELLA3,P@ssw0rd
Ward,Megan,WARDMK1,P@ssw0rd
Webb,April,WEBBAB5,P@ssw0rd
Klein,Alicia,KLEINAC2,P@ssw0rd
Andrews,Sherry,ANDREWSG1,P@ssw0rd
Watson,Carmen,WATSONCR2,P@ssw0rd
Mcguire,Theresa,MCGUIRT5,P@ssw0rd
Carr,Laura,CARRLG5,P@ssw0rd
Nieves,Edith,NIEVESEM3,P@ssw0rd
Torres,Rachel,TORRESRM5,P@ssw0rd
Chan,Crystal,CHANCJ5,P@ssw0rd
Peck,Rebecca,PECKRV4,P@ssw0rd
Pate,June,PATEJA5,P@ssw0rd
Beasley,Ann,BEASLEAE2,P@ssw0rd
Tate,Rachel,TATERA1,P@ssw0rd
Cummings,Clara,CUMMINCR4,P@ssw0rd
Frost,Rose,FROSTRJ1,P@ssw0rd
Hensley,Barbara,HENSLEBJ4,P@ssw0rd
Burgess,Carrie,BURGESCL3,P@ssw0rd
Bird,Gladys,BIRDGM1,P@ssw0rd
Mosley,Julia,MOSLEYJE4,P@ssw0rd
Finley,Doris,FINLEYDT3,P@ssw0rd
Hurst,Anita,HURSTAG2,P@ssw0rd
Foreman,Audrey,FOREMAAS3,P@ssw0rd
Tate,Ellen,TATEEC1,P@ssw0rd
Torres,Wanda,TORRESWP4,P@ssw0rd
Nicholson,Erin,NICHOLE4,P@ssw0rd
Bryan,Josephine,BRYANJL3,P@ssw0rd
Rhodes,Tammy,RHODEST2,P@ssw0rd
Robertson,Elizabeth,ROBERTEA1,P@ssw0rd
Grant,Theresa,GRANTTR1,P@ssw0rd
Perez,Joyce,PEREZJM4,P@ssw0rd
Hampton,Alice,HAMPTOA1,P@ssw0rd
Carver,Rebecca,CARVERRT3,P@ssw0rd
Meyers,Sherry,MEYERSSL5,P@ssw0rd
Kline,Marilyn,KLINEME5,P@ssw0rd
Grant,Christine,GRANTCJ5,P@ssw0rd
Carson,Maria,CARSONMB2,P@ssw0rd
Mayo,Marion,MAYOMA5,P@ssw0rd
Ayers,Julia,AYERSJL3,P@ssw0rd
Mooney,Alicia,MOONEYAN5,P@ssw0rd
Evans,Lillian,EVANSL4,P@ssw0rd
Noble,Denise,NOBLEDE5,P@ssw0rd
Lindsay,Shannon,LINDSASS4,P@ssw0rd
Kent,Doris,KENTDR1,P@ssw0rd
Farley,Karen,FARLEYKJ2,P@ssw0rd
Everett,Sarah,EVERETSA1,P@ssw0rd
Burke,Lillian,BURKELB5,P@ssw0rd
Gaines,Edna,GAINESEJ1,P@ssw0rd
Solis,Hazel,SOLISHV2,P@ssw0rd
Collier,Angela,COLLIEAW1,P@ssw0rd
Lamb,Sheila,LAMBSC3,P@ssw0rd
Armstrong,Crystal,ARMSTRCD3,P@ssw0rd
Griffith,Tina,GRIFFIT1,P@ssw0rd
Hurst,Dawn,HURSTDG3,P@ssw0rd
Joyce,Denise,JOYCEDG5,P@ssw0rd
Mcintosh,Anne,MCINTOAK3,P@ssw0rd
Parks,Rosa,PARKSRJ5,P@ssw0rd
Cabrera,Josephine,CABRERJ2,P@ssw0rd
Roberson,Amy,ROBERSAY5,P@ssw0rd
Savage,Thelma,SAVAGET2,P@ssw0rd
Peterson,Melissa,PETERSMT1,P@ssw0rd
Powell,Lauren,POWELLLH1,P@ssw0rd
Carney,Diane,CARNEYDM5,P@ssw0rd
Wolfe,Sara,WOLFESJ1,P@ssw0rd
Morrison,Bonnie,MORRISBA4,P@ssw0rd
Tanner,Diane,TANNERDL1,P@ssw0rd
Stein,Carolyn,STEINC2,P@ssw0rd
Black,Peggy,BLACKPR2,P@ssw0rd
Moore,Eva,MOOREES4,P@ssw0rd
Jordan,Janet,JORDANJE4,P@ssw0rd
Herring,Kelly,HERRINKA1,P@ssw0rd
Bass,Ruby,BASSRK1,P@ssw0rd
Boyd,Bertha,BOYDBA4,P@ssw0rd
Marsh,Lois,MARSHLB4,P@ssw0rd
Lyons,Dolores,LYONSDJ3,P@ssw0rd
Miller,Cynthia,MILLERCA4,P@ssw0rd
Joseph,Wendy,JOSEPHW5,P@ssw0rd
Mills,Pauline,MILLSPJ5,P@ssw0rd
Puckett,Kathleen,PUCKETKM4,P@ssw0rd
Weiss,Janice,WEISSJE4,P@ssw0rd
Cole,Beatrice,COLEBT2,P@ssw0rd
Sexton,Suzanne,SEXTONSR5,P@ssw0rd
Farley,Bonnie,FARLEYBE3,P@ssw0rd
Mckinney,April,MCKINNAJ3,P@ssw0rd
Lynn,Margaret,LYNNMJ5,P@ssw0rd
Burton,Amanda,BURTONAW4,P@ssw0rd
Herman,Julie,HERMANJE2,P@ssw0rd
Becker,Joan,BECKERJK5,P@ssw0rd
Kent,Frances,KENTFE1,P@ssw0rd
Bass,Ethel,BASSES2,P@ssw0rd
Waters,Christina,WATERSCD4,P@ssw0rd
Barton,Gladys,BARTONGK2,P@ssw0rd
Hardin,Virginia,HARDINVK1,P@ssw0rd
Wooten,Yvonne,WOOTENYC2,P@ssw0rd
Gaines,Bernice,GAINESBA4,P@ssw0rd
Cline,Frances,CLINEFB2,P@ssw0rd
Keith,Theresa,KEITHT5,P@ssw0rd
Douglas,Sarah,DOUGLASA1,P@ssw0rd
Carlson,Veronica,CARLSOVD1,P@ssw0rd
Wells,Tracy,WELLSTJ1,P@ssw0rd
Spears,Sally,SPEARSSS4,P@ssw0rd
Tate,Juanita,TATEJT4,P@ssw0rd
Gilbert,Wendy,GILBERWC1,P@ssw0rd
Burt,Lois,BURTLS1,P@ssw0rd
Duke,Jacqueline,DUKEJS3,P@ssw0rd
Kramer,Annette,KRAMERAR2,P@ssw0rd
Ramsey,Irene,RAMSEYIR2,P@ssw0rd
Wiley,Gail,WILEYGA5,P@ssw0rd
Reese,Crystal,REESECK2,P@ssw0rd
Byrd,Wanda,BYRDWA2,P@ssw0rd
Whitaker,Linda,WHITAKLJ5,P@ssw0rd
Nolan,Karen,NOLANKC5,P@ssw0rd
Michael,Deborah,MICHAEDG5,P@ssw0rd
White,Dorothy,WHITEDV4,P@ssw0rd
Hughes,Christine,HUGHESCB2,P@ssw0rd
Carrillo,Beatrice,CARRILBG4,P@ssw0rd
Mays,Maria,MAYSMJ5,P@ssw0rd
Harmon,Debbie,HARMONDR1,P@ssw0rd
Cole,Hazel,COLEHE5,P@ssw0rd
Nixon,Sylvia,NIXONSS3,P@ssw0rd
Levine,Lois,LEVINELA5,P@ssw0rd
Joseph,Mary,JOSEPHMH5,P@ssw0rd
Snow,Florence,SNOWFM4,P@ssw0rd
Chavez,Barbara,CHAVEZB1,P@ssw0rd
Mejia,Annette,MEJIAAK3,P@ssw0rd
May,Diane,MAYDK1,P@ssw0rd
Klein,Brenda,KLEINBA1,P@ssw0rd
Gonzalez,Valerie,GONZALVV1,P@ssw0rd
Meyer,Sherry,MEYERSA3,P@ssw0rd
Lucas,June,LUCASJC1,P@ssw0rd
Mcguire,Rhonda,MCGUIRRG5,P@ssw0rd
Benjamin,Valerie,BENJAMVT5,P@ssw0rd
Riddle,Joan,RIDDLEJJ4,P@ssw0rd
Spears,Linda,SPEARSL1,P@ssw0rd
Sullivan,Regina,SULLIVR2,P@ssw0rd
Bradley,Pamela,BRADLEPH5,P@ssw0rd
Horn,Rosa,HORNRD1,P@ssw0rd
Leon,Cynthia,LEONCE4,P@ssw0rd
Hartman,Lori,HARTMALD3,P@ssw0rd
Wood,Heather,WOODHC5,P@ssw0rd
Foley,Evelyn,FOLEYEG1,P@ssw0rd
Poole,Susan,POOLESP2,P@ssw0rd
Fitzgerald,Karen,FITZGEKC3,P@ssw0rd
Avila,Judith,AVILAJ4,P@ssw0rd
Roberts,Carolyn,ROBERTCC5,P@ssw0rd
Walter,Ethel,WALTERE4,P@ssw0rd
Herring,Clara,HERRINCD3,P@ssw0rd
Martin,Lucille,MARTINLB2,P@ssw0rd
Fitzgerald,Margaret,FITZGEMA1,P@ssw0rd
Klein,Amy,KLEINA3,P@ssw0rd
Hays,Annette,HAYSAP1,P@ssw0rd
Ingram,Carolyn,INGRAMC3,P@ssw0rd
Moreno,Peggy,MORENOPL2,P@ssw0rd
Burch,Margaret,BURCHME4,P@ssw0rd
Juarez,Phyllis,JUAREZPJ3,P@ssw0rd
Tillman,Esther,TILLMAEP5,P@ssw0rd
Bennett,Dolores,BENNETDJ3,P@ssw0rd
Burns,Nancy,BURNSNA2,P@ssw0rd
Dunn,Ruby,DUNNRS3,P@ssw0rd
Rush,June,RUSHJ5,P@ssw0rd
Vance,Marjorie,VANCEMC1,P@ssw0rd
Franco,Ellen,FRANCOEJ5,P@ssw0rd
Crawford,Carol,CRAWFOCL3,P@ssw0rd
Hays,Betty,HAYSBR3,P@ssw0rd
Mcclure,Dolores,MCCLURDS2,P@ssw0rd
Mckenzie,Rosa,MCKENZRK4,P@ssw0rd
Cantrell,Sharon,CANTRESC4,P@ssw0rd
Holder,Pauline,HOLDERPT4,P@ssw0rd
Stein,Marie,STEINMK3,P@ssw0rd
Prince,Josephine,PRINCEJF2,P@ssw0rd
Morse,Sheila,MORSESB3,P@ssw0rd
Houston,Jean,HOUSTOJC2,P@ssw0rd
Black,Denise,BLACKDH4,P@ssw0rd
Barnett,Catherine,BARNETCB3,P@ssw0rd
Jensen,Nicole,JENSENNA4,P@ssw0rd
Joseph,Erica,JOSEPHE1,P@ssw0rd
Reese,Erica,REESEEA3,P@ssw0rd
Garcia,Dolores,GARCIADN2,P@ssw0rd
Roth,Peggy,ROTHPM2,P@ssw0rd
Wilson,Susan,WILSONSK2,P@ssw0rd
Valenzuela,Stephanie,VALENZSP3,P@ssw0rd
Joyner,Darlene,JOYNERDC4,P@ssw0rd
Fuentes,Pauline,FUENTEPL2,P@ssw0rd
Hale,Sherry,HALESB3,P@ssw0rd
Houston,Bernice,HOUSTOBN4,P@ssw0rd
Young,Heather,YOUNGHL3,P@ssw0rd
Deleon,Denise,DELEONDK4,P@ssw0rd
Delaney,Sharon,DELANESR5,P@ssw0rd
Flynn,Monica,FLYNNML1,P@ssw0rd
Thornton,Edna,THORNTEM4,P@ssw0rd
Ryan,Jean,RYANJE3,P@ssw0rd
Puckett,Sherry,PUCKETSJ5,P@ssw0rd
Osborne,Susan,OSBORNSS1,P@ssw0rd
Stewart,Michele,STEWARMJ3,P@ssw0rd
Potts,Crystal,POTTSCP5,P@ssw0rd
Hurley,Danielle,HURLEYD4,P@ssw0rd
Aguirre,Marilyn,AGUIRRM4,P@ssw0rd
Reid,Pamela,REIDPE4,P@ssw0rd
Burks,Teresa,BURKSTJ4,P@ssw0rd
Austin,Erica,AUSTINET4,P@ssw0rd
Cole,Ruby,COLER4,P@ssw0rd
Byrd,Pamela,BYRDPN1,P@ssw0rd
Marks,Frances,MARKSFA4,P@ssw0rd
Baird,Evelyn,BAIRDEM2,P@ssw0rd
Perkins,Annette,PERKINAA5,P@ssw0rd
Daniel,Angela,DANIELAE3,P@ssw0rd
Ellison,Jessica,ELLISOJD1,P@ssw0rd
Barlow,Hazel,BARLOWHT1,P@ssw0rd
Booker,Bertha,BOOKERBJ4,P@ssw0rd
Russo,Erin,RUSSOEK3,P@ssw0rd
Love,Shirley,LOVES1,P@ssw0rd
Garza,Laura,GARZALH3,P@ssw0rd
Oneil,Wendy,ONEILWC4,P@ssw0rd
Vinson,April,VINSONAC2,P@ssw0rd
Thornton,Peggy,THORNTPD2,P@ssw0rd
Clements,Janice,CLEMENJ5,P@ssw0rd
Evans,Rita,EVANSRG4,P@ssw0rd
Stephenson,Tina,STEPHETN1,P@ssw0rd
Hart,Emily,HARTEE4,P@ssw0rd
Guerrero,Veronica,GUERREV5,P@ssw0rd
Rogers,Marion,ROGERSMJ5,P@ssw0rd
Booth,Megan,BOOTHMC2,P@ssw0rd
Weiss,Amber,WEISSAF2,P@ssw0rd
Stanton,Lois,STANTOLA5,P@ssw0rd
Jenkins,Monica,JENKINMM5,P@ssw0rd
Mckay,Regina,MCKAYRA3,P@ssw0rd
Welch,Ethel,WELCHEL2,P@ssw0rd
Bowen,Juanita,BOWENJW4,P@ssw0rd
Cortez,Jessica,CORTEZJJ2,P@ssw0rd
Aguirre,Theresa,AGUIRRTC2,P@ssw0rd
Mccray,Juanita,MCCRAYJ2,P@ssw0rd
Mason,Edna,MASONES1,P@ssw0rd
Jefferson,Sarah,JEFFERSL1,P@ssw0rd
Bernard,Samantha,BERNARSM5,P@ssw0rd
Stanley,Jamie,STANLEJD5,P@ssw0rd
Sampson,Gail,SAMPSOGC1,P@ssw0rd
Oneill,Jamie,ONEILLJK4,P@ssw0rd
Fernandez,Jean,FERNANJC4,P@ssw0rd
Graves,Janet,GRAVESJK4,P@ssw0rd
Booker,Jamie,BOOKERJD2,P@ssw0rd
Vazquez,Peggy,VAZQUEPV5,P@ssw0rd
James,Rose,JAMESRT1,P@ssw0rd
Knapp,Sherry,KNAPPSN5,P@ssw0rd
Stevenson,Kim,STEVENKD1,P@ssw0rd
Griffin,Lois,GRIFFILG2,P@ssw0rd
Hughes,Veronica,HUGHESVL1,P@ssw0rd
Dodson,Esther,DODSONEC2,P@ssw0rd
Newton,Deborah,NEWTONDE5,P@ssw0rd
Hancock,Sharon,HANCOCS1,P@ssw0rd
Russell,Cathy,RUSSELC4,P@ssw0rd
Bryan,Deborah,BRYANDI4,P@ssw0rd
Swanson,Ruth,SWANSOR5,P@ssw0rd
Dickson,Mildred,DICKSOML3,P@ssw0rd
Lowe,Emma,LOWEE1,P@ssw0rd
Chavez,Lynn,CHAVEZLI1,P@ssw0rd
Ferrell,Danielle,FERRELDJ5,P@ssw0rd
York,Sandra,YORKSG3,P@ssw0rd
Clay,Catherine,CLAYCJ3,P@ssw0rd
Arnold,Gloria,ARNOLDGK1,P@ssw0rd
Mathews,Debra,MATHEWD5,P@ssw0rd
Roman,Sarah,ROMANSB5,P@ssw0rd
Sims,Wendy,SIMSWJ5,P@ssw0rd
Warren,Stephanie,WARRENSJ4,P@ssw0rd
Mcdaniel,Ethel,MCDANIEA2,P@ssw0rd
Rush,Michelle,RUSHMG3,P@ssw0rd
Tate,Alicia,TATEAB3,P@ssw0rd
Olsen,Edith,OLSENED3,P@ssw0rd
Mcgee,Tracy,MCGEETC1,P@ssw0rd
Carr,Joann,CARRJJ5,P@ssw0rd
Conway,Christine,CONWAYCR1,P@ssw0rd
Hinton,Sally,HINTONSD3,P@ssw0rd
Mckinney,Joan,MCKINNJE2,P@ssw0rd
Velasquez,Shirley,VELASQSJ2,P@ssw0rd
Parsons,Michelle,PARSONME1,P@ssw0rd
Nielsen,Rita,NIELSERT4,P@ssw0rd
Mccullough,Judith,MCCULLJJ2,P@ssw0rd
Alvarez,Geraldine,ALVAREGA5,P@ssw0rd
Hart,Stephanie,HARTSS2,P@ssw0rd
Goodwin,Anna,GOODWIAC1,P@ssw0rd
Beck,Juanita,BECKJL4,P@ssw0rd
Bradley,Tracy,BRADLETS3,P@ssw0rd
Richmond,Sherry,RICHMOSJ1,P@ssw0rd
Rice,Judith,RICEJC1,P@ssw0rd
Zimmerman,Emily,ZIMMEREC5,P@ssw0rd
Mitchell,Linda,MITCHELJ5,P@ssw0rd
Rose,Sara,ROSESC4,P@ssw0rd
Herrera,Cindy,HERRERCV5,P@ssw0rd
Hendricks,Thelma,HENDRITJ1,P@ssw0rd
Burt,Katherine,BURTKM4,P@ssw0rd
Jacobs,Beverly,JACOBSBB2,P@ssw0rd
Lara,Lois,LARALS2,P@ssw0rd
Pickett,Suzanne,PICKETSR4,P@ssw0rd
Gallagher,Lori,GALLAGLJ4,P@ssw0rd
Harvey,Nicole,HARVEYNB1,P@ssw0rd
Yang,Audrey,YANGAJ1,P@ssw0rd
Graves,Heather,GRAVESH1,P@ssw0rd
Reese,Gloria,REESEGB1,P@ssw0rd
Goff,Sherry,GOFFSL5,P@ssw0rd
Jenkins,Sara,JENKINSP4,P@ssw0rd
Hurley,Grace,HURLEYGC3,P@ssw0rd
Farrell,Jean,FARRELJS1,P@ssw0rd
Reilly,Connie,REILLYCD1,P@ssw0rd
Perkins,Nicole,PERKINNM4,P@ssw0rd
Sharpe,Sheila,SHARPES3,P@ssw0rd
Lloyd,Emily,LLOYDEJ3,P@ssw0rd
Joyner,April,JOYNERAS1,P@ssw0rd
Cantrell,Juanita,CANTREJL4,P@ssw0rd
Gilbert,Gloria,GILBERGD3,P@ssw0rd
Ratliff,Carol,RATLIFCS5,P@ssw0rd
Sharpe,Elizabeth,SHARPEEI4,P@ssw0rd
Meyer,Marjorie,MEYERM1,P@ssw0rd
Flores,Sherry,FLORESSA2,P@ssw0rd
David,Lillian,DAVIDLS5,P@ssw0rd
Rhodes,Marion,RHODESMS4,P@ssw0rd
Pope,Lois,POPELS5,P@ssw0rd
Green,Edna,GREENE5,P@ssw0rd
Morrison,Robin,MORRISRT4,P@ssw0rd
Horne,Cheryl,HORNECD5,P@ssw0rd
Aguirre,Rita,AGUIRRRA2,P@ssw0rd
Wooten,Louise,WOOTENL2,P@ssw0rd
Carroll,Carolyn,CARROLCH4,P@ssw0rd
Austin,Marilyn,AUSTINMW3,P@ssw0rd
Harris,Kathleen,HARRISKC3,P@ssw0rd
Gates,Kathleen,GATESK1,P@ssw0rd
Townsend,Joan,TOWNSEJJ5,P@ssw0rd
Ball,Stephanie,BALLSD3,P@ssw0rd
Wilkerson,Bonnie,WILKERBA2,P@ssw0rd
Buchanan,Tiffany,BUCHANTM3,P@ssw0rd
Velasquez,Tracy,VELASQTA1,P@ssw0rd
Haynes,Edith,HAYNESER2,P@ssw0rd
Alston,Kim,ALSTONKS2,P@ssw0rd
Watkins,Valerie,WATKINVA3,P@ssw0rd
Sutton,Phyllis,SUTTONP1,P@ssw0rd
Velasquez,Geraldine,VELASQGD1,P@ssw0rd
Ray,Heather,RAYH5,P@ssw0rd
Bird,Monica,BIRDMC4,P@ssw0rd
Sweet,Elizabeth,SWEETEV2,P@ssw0rd
Perry,Kim,PERRYK2,P@ssw0rd
Fisher,Katherine,FISHERKS2,P@ssw0rd
Bean,Judy,BEANJA2,P@ssw0rd
Rollins,Jean,ROLLINJG1,P@ssw0rd
Acosta,Thelma,ACOSTATE2,P@ssw0rd
Adkins,Judy,ADKINSJT5,P@ssw0rd
Black,Melissa,BLACKME5,P@ssw0rd
Barron,Rachel,BARRONRM1,P@ssw0rd
Hatfield,Maria,HATFIEMJ3,P@ssw0rd
Huff,Leslie,HUFFLE2,P@ssw0rd
Mckinney,Grace,MCKINNGJ5,P@ssw0rd
Aguilar,Carrie,AGUILACT2,P@ssw0rd
Schroeder,Patricia,SCHROEPR4,P@ssw0rd
Huber,Sally,HUBERSR5,P@ssw0rd
Garrison,Anita,GARRISAL4,P@ssw0rd
Strong,Erin,STRONGEM5,P@ssw0rd
Koch,Janet,KOCHJK5,P@ssw0rd
Cooper,Carol,COOPERCJ3,P@ssw0rd
James,Deborah,JAMESDT4,P@ssw0rd
Turner,Carolyn,TURNERCT4,P@ssw0rd
Young,Cathy,YOUNGCH4,P@ssw0rd
Sutton,Cathy,SUTTONCJ4,P@ssw0rd
Montoya,Betty,MONTOYBC2,P@ssw0rd
Small,Mary,SMALLM5,P@ssw0rd
Pierce,Betty,PIERCEBL3,P@ssw0rd
Cash,Jessica,CASHJA4,P@ssw0rd
Carney,Valerie,CARNEYVJ5,P@ssw0rd
Trujillo,Thelma,TRUJILTN3,P@ssw0rd
Mcclure,Diana,MCCLURDC1,P@ssw0rd
Kirkland,June,KIRKLAJM2,P@ssw0rd
Butler,Brenda,BUTLERBS1,P@ssw0rd
Duran,Grace,DURANGT4,P@ssw0rd
Pitts,Emma,PITTSER4,P@ssw0rd
Mueller,Monica,MUELLEMY2,P@ssw0rd
Coleman,Norma,COLEMANK5,P@ssw0rd
Clayton,Janice,CLAYTOJC4,P@ssw0rd
West,Sharon,WESTSJ5,P@ssw0rd
Pena,Josephine,PENAJW3,P@ssw0rd
Witt,Andrea,WITTAA1,P@ssw0rd
Hardin,Danielle,HARDINDA5,P@ssw0rd
Lynn,Phyllis,LYNNP2,P@ssw0rd
Wilson,Cynthia,WILSONCD3,P@ssw0rd
Rios,Annette,RIOSAP1,P@ssw0rd
Shaw,Shannon,SHAWS5,P@ssw0rd
Hunter,Rebecca,HUNTERRL2,P@ssw0rd
Fitzpatrick,Valerie,FITZPAVC3,P@ssw0rd
Clarke,Sandra,CLARKESC4,P@ssw0rd
